Mobile_Name,Price,Ratings,Links,Discounts
Samsung Galaxy M12 (Blue4GB RAM 64GB Storage) 6000 mAh with 8nm Processor | True 48 MP Quad Camera | 90Hz Refresh Rate,10499,4.1 out of 5 stars,/Samsung-Galaxy-M12-Storage-Processor/dp/B08XGDN3TZ,(19% off)
Samsung Galaxy M12 (Black4GB RAM 64GB Storage) 6000 mAh with 8nm Processor | True 48 MP Quad Camera | 90Hz Refresh Rate,10499,4.1 out of 5 stars,/Samsung-Galaxy-M12-Storage-Processor/dp/B08XJCMGL7,(19% off)
Samsung Galaxy M32 (Light Blue 6GB RAM 128GB | FHD+ sAMOLED 90Hz Display | 6000mAh Battery | 64MP Quad Camera,13999,4.1 out of 5 stars,/Samsung-Galaxy-Storage-Months-Replacement/dp/B096VDR283,(26% off)
Samsung Galaxy M32 (Black 4GB RAM 64GB | FHD+ sAMOLED 90Hz Display | 6000mAh Battery | 64MP Quad Camera,11999,4.1 out of 5 stars,/Samsung-Galaxy-Storage-Months-Replacement/dp/B096VDG9QV,(29% off)
Samsung Galaxy S20 FE 5G (Cloud Navy 8GB RAM 128GB Storage) with No Cost EMI & Additional Exchange Offers,36990,4.4 out of 5 stars,/Samsung-Galaxy-Cloud-128GB-Storage/dp/B08VB57558,(51% off)
Samsung Galaxy M32 5G (Sky Blue 8GB RAM 128GB Storage) | Dimensity 720 Processor | 5000mAh Battery| Knox Security,22999,4.1 out of 5 stars,/Samsung-Galaxy-Blue-128GB-Storage/dp/B09CGJFY5N,(12% off)
Samsung Galaxy M12 (Blue6GB RAM 128GB Storage) 6 Months Free Screen Replacement for Prime,12499,4.1 out of 5 stars,/Samsung-Galaxy-M12-Storage-Replacement/dp/B08XJG8MQM,(14% off)
Samsung Galaxy A13 Blue 4GB RAM 64GB Storage with No Cost EMI/Additional Exchange Offers (SM-A135FLBGINS),13999,3.7 out of 5 stars,/Samsung-Storage-Additional-Exchange-SM-A135FLBGINS/dp/B09VK3G99F,(24% off)
Samsung Galaxy M32 (Black 6GB RAM 128GB | FHD+ sAMOLED 90Hz Display | 6000mAh Battery | 64MP Quad Camera,13999,4.1 out of 5 stars,/Samsung-Galaxy-Storage-Months-Replacement/dp/B096VD6RQG,(26% off)
Samsung Galaxy M33 5G (Deep Ocean Blue 8GB 128GB Storage) | Travel Adapter to be Purchased Separately,19499,3.9 out of 5 stars,/Samsung-Storage-Adapter-Purchased-Separately/dp/B09TWH8YHM,(25% off)
Samsung Galaxy A23 Blue 6GB RAM 128GB Storage with No Cost EMI/Additional Exchange Offers,18499,3.8 out of 5 stars,/Samsung-Galaxy-Storage-Additional-Exchange/dp/B09VK5D8KW,(23% off)
Samsung Galaxy Buds Pro | 99% Noise Cancellation Wireless Charging (18) Hours Playtime | Black,7490,4.2 out of 5 stars,/Samsung-Galaxy-Ear-Buds-Black/dp/B08SKDXKZF,(58% off)
Samsung Galaxy M32 (Light Blue 4GB RAM 64GB | FHD+ sAMOLED 90Hz Display | 6000mAh Battery | 64MP Quad Camera,11999,4.1 out of 5 stars,/Samsung-Galaxy-Storage-Months-Replacement/dp/B096VD213D,(29% off)
Samsung Galaxy M33 5G (Deep Ocean Blue 6GB 128GB Storage) | Travel Adapter to be Purchased Separately,17999,3.9 out of 5 stars,/Samsung-Storage-Adapter-Purchased-Separately/dp/B09TWDYSWQ,(28% off)
Samsung Galaxy M21 2021 Edition (Charcoal Black 4GB RAM 64GB Storage) | FHD+ sAMOLED | 6 Months Free Screen Replacement for Prime (SM-M215GZKDINS),12999,4.2 out of 5 stars,/Samsung-Charcoal-Storage-Replacement-SM-M215GZKDINS/dp/B098NFJXXL,(10% off)
Samsung Guru 1215 (GT-E1215 Black),1494,3.9 out of 5 stars,/Samsung-Guru-1215-GT-E1215-Black/dp/B09MTVDZCL,(29% off)
Samsung Galaxy A13 Blue 6GB RAM 128GB Storage with No Cost EMI/Additional Exchange Offers (SM-A135FLBJINS),16499,3.7 out of 5 stars,/Samsung-Storage-Additional-Exchange-SM-A135FLBJINS/dp/B09VKCRFP1,(17% off)
Samsung Galaxy A23 Peach 8GB RAM 128GB Storage with No Cost EMI/Additional Exchange Offers,19999,3.8 out of 5 stars,/Samsung-Galaxy-Storage-Additional-Exchange/dp/B09VK8G4XZ,(18% off)
Samsung Galaxy M53 5G (Mystique Green 6GB 128GB Storage) | Travel Adapter to be Purchased Separately,26499,3.8 out of 5 stars,/Samsung-Mystique-Storage-Purchased-Separately/dp/B09XJ48QPR,(20% off)
Samsung Galaxy A13 Blue 4GB RAM 128GB Storage with No Cost EMI/Additional Exchange Offers (SM-A135FLBHINS),14999,3.7 out of 5 stars,/Samsung-Storage-Additional-Exchange-SM-A135FLBHINS/dp/B09VK67FJS,(25% off)
Samsung EHS64 EHS64AVFWECINU Wired In Ear Earphones with Mic Hands-Free with Remote Note (White),419,4.2 out of 5 stars,/Samsung-Original-EHS64AVFWECINU-Stereo-Headset/dp/B01F25X6RQ,(16% off)
Samsung Galaxy Watch4 Bluetooth(44mm Black Compatible with Android only),15146,4.2 out of 5 stars,/Samsung-Galaxy-Bluetooth-Compatible-Android/dp/B09DG9VNWB,(50% off)
Samsung Guru Music 2 315 (GT-B315 Black) (SM-B315EZKDINS),1994,4.1 out of 5 stars,/Samsung-Guru-Music-GT-B315-Black/dp/B09MKT9ZYM,(20% off)
Samsung Galaxy M33 5G (Mystique Green 6GB 128GB Storage) | Travel Adapter to be Purchased Separately,17999,3.9 out of 5 stars,/Samsung-Mystique-Storage-Purchased-Separately/dp/B09TWGDY4W,(28% off)
